[{"model": "admin.logentry", "pk": 1, "fields": {"action_time": "2025-05-30T21:49:36.047Z", "user": 1, "content_type": 9, "object_id": "1", "object_repr": "restect@gmail.com", "action_flag": 2, "change_message": "[{\"changed\": {\"fields\": [\"Role\"]}}]"}}, {"model": "admin.logentry", "pk": 2, "fields": {"action_time": "2025-05-31T21:28:30.236Z", "user": 1, "content_type": 9, "object_id": "1", "object_repr": "restect@gmail.com", "action_flag": 2, "change_message": "[{\"changed\": {\"fields\": [\"Telegram ID\"]}}]"}}, {"model": "admin.logentry", "pk": 3, "fields": {"action_time": "2025-05-31T21:33:50.074Z", "user": 1, "content_type": 10, "object_id": "6", "object_repr": "Асхьаю Дитт - Бот - new", "action_flag": 1, "change_message": "[{\"added\": {}}]"}}, {"model": "admin.logentry", "pk": 4, "fields": {"action_time": "2025-05-31T21:38:34.488Z", "user": 1, "content_type": 9, "object_id": "1", "object_repr": "restect@gmail.com", "action_flag": 2, "change_message": "[{\"changed\": {\"fields\": [\"Telegram ID\"]}}]"}}, {"model": "admin.logentry", "pk": 5, "fields": {"action_time": "2025-05-31T21:40:40.609Z", "user": 1, "content_type": 9, "object_id": "1", "object_repr": "restect@gmail.com", "action_flag": 2, "change_message": "[{\"changed\": {\"fields\": [\"Telegram ID\"]}}]"}}, {"model": "admin.logentry", "pk": 6, "fields": {"action_time": "2025-05-31T21:41:53.426Z", "user": 1, "content_type": 9, "object_id": "1", "object_repr": "restect@gmail.com", "action_flag": 2, "change_message": "[{\"changed\": {\"fields\": [\"Telegram ID\"]}}]"}}, {"model": "admin.logentry", "pk": 7, "fields": {"action_time": "2025-05-31T21:43:04.285Z", "user": 1, "content_type": 10, "object_id": "7", "object_repr": "Асхьаб бот - Вокх бот - new", "action_flag": 1, "change_message": "[{\"added\": {}}]"}}, {"model": "admin.logentry", "pk": 8, "fields": {"action_time": "2025-05-31T22:32:30.317Z", "user": 1, "content_type": 10, "object_id": "8", "object_repr": "4235 - 345 - new", "action_flag": 1, "change_message": "[{\"added\": {}}]"}}, {"model": "admin.logentry", "pk": 9, "fields": {"action_time": "2025-05-31T22:45:07.986Z", "user": 1, "content_type": 9, "object_id": "1", "object_repr": "restect@gmail.com", "action_flag": 2, "change_message": "[{\"changed\": {\"fields\": [\"Telegram ID\"]}}]"}}, {"model": "admin.logentry", "pk": 10, "fields": {"action_time": "2025-06-01T01:02:59.610Z", "user": 1, "content_type": 10, "object_id": "9", "object_repr": "4536 - 4536 - new", "action_flag": 1, "change_message": "[{\"added\": {}}]"}}, {"model": "admin.logentry", "pk": 11, "fields": {"action_time": "2025-06-01T01:08:50.279Z", "user": 1, "content_type": 10, "object_id": "10", "object_repr": "235 - g32 - new", "action_flag": 1, "change_message": "[{\"added\": {}}]"}}, {"model": "admin.logentry", "pk": 12, "fields": {"action_time": "2025-06-01T01:11:20.915Z", "user": 1, "content_type": 10, "object_id": "11", "object_repr": "44325 - 345 - new", "action_flag": 1, "change_message": "[{\"added\": {}}]"}}, {"model": "admin.logentry", "pk": 13, "fields": {"action_time": "2025-06-01T01:12:47.973Z", "user": 1, "content_type": 10, "object_id": "12", "object_repr": "2345 - 2345 - new", "action_flag": 1, "change_message": "[{\"added\": {}}]"}}, {"model": "admin.logentry", "pk": 14, "fields": {"action_time": "2025-06-01T01:17:07.796Z", "user": 1, "content_type": 10, "object_id": "13", "object_repr": "е35 - 4р4 - new", "action_flag": 1, "change_message": "[{\"added\": {}}]"}}, {"model": "admin.logentry", "pk": 15, "fields": {"action_time": "2025-06-01T01:19:56.724Z", "user": 1, "content_type": 10, "object_id": "14", "object_repr": "л66 - 65ь - new", "action_flag": 1, "change_message": "[{\"added\": {}}]"}}, {"model": "admin.logentry", "pk": 16, "fields": {"action_time": "2025-06-01T01:21:27.825Z", "user": 1, "content_type": 10, "object_id": "15", "object_repr": "2345 - 342 - new", "action_flag": 1, "change_message": "[{\"added\": {}}]"}}, {"model": "admin.logentry", "pk": 17, "fields": {"action_time": "2025-06-01T01:31:35.577Z", "user": 1, "content_type": 10, "object_id": "16", "object_repr": "wef - ewfq - new", "action_flag": 1, "change_message": "[{\"added\": {}}]"}}, {"model": "admin.logentry", "pk": 18, "fields": {"action_time": "2025-06-01T01:32:50.694Z", "user": 1, "content_type": 10, "object_id": "17", "object_repr": "trb - trb - new", "action_flag": 1, "change_message": "[{\"added\": {}}]"}}, {"model": "admin.logentry", "pk": 19, "fields": {"action_time": "2025-06-01T01:37:21.993Z", "user": 1, "content_type": 10, "object_id": "18", "object_repr": "2342314 - 234 - new", "action_flag": 1, "change_message": "[{\"added\": {}}]"}}, {"model": "admin.logentry", "pk": 20, "fields": {"action_time": "2025-06-01T01:37:51.595Z", "user": 1, "content_type": 10, "object_id": "19", "object_repr": "werq - wer - new", "action_flag": 1, "change_message": "[{\"added\": {}}]"}}, {"model": "admin.logentry", "pk": 21, "fields": {"action_time": "2025-06-01T01:39:18.948Z", "user": 1, "content_type": 10, "object_id": "20", "object_repr": "3h - rth - new", "action_flag": 1, "change_message": "[{\"added\": {}}]"}}, {"model": "admin.logentry", "pk": 22, "fields": {"action_time": "2025-06-01T01:57:58.365Z", "user": 1, "content_type": 10, "object_id": "22", "object_repr": "rewgerg - reg - new", "action_flag": 1, "change_message": "[{\"added\": {}}]"}}, {"model": "admin.logentry", "pk": 23, "fields": {"action_time": "2025-06-01T02:04:19.550Z", "user": 1, "content_type": 10, "object_id": "24", "object_repr": "tyn - tym - new", "action_flag": 1, "change_message": "[{\"added\": {}}]"}}, {"model": "sessions.session", "pk": "f4ddtvxw0pifq0uu0xiogk7ln8sf2vfe", "fields": {"session_data": ".eJxVjMsOwiAQRf-FtSECw8ul-34DGWCQqoGktCvjv2uTLnR7zzn3xQJuaw3boCXMmV2YYKffLWJ6UNtBvmO7dZ56W5c58l3hBx186pme18P9O6g46rc22rriBRoowmhQZ-3JWJBCagLSMTsn0Cv0YKTyIMk7B6hcVKWklCx7fwCorDbX:1uKvIN:mtaVx7vUKcMeXMUgYicwfFVpKNw93A5yJHU1xZkn2Hk", "expire_date": "2025-06-13T08:40:55.767Z"}}, {"model": "sessions.session", "pk": "o9455f844ctqxli5zjyiwqcoub4qpoog", "fields": {"session_data": ".eJxVjMsOwiAQRf-FtSECw8ul-34DGWCQqoGktCvjv2uTLnR7zzn3xQJuaw3boCXMmV2YYKffLWJ6UNtBvmO7dZ56W5c58l3hBx186pme18P9O6g46rc22rriBRoowmhQZ-3JWJBCagLSMTsn0Cv0YKTyIMk7B6hcVKWklCx7fwCorDbX:1uMTnL:E7A_YKAKzMLg1n6hhS49JPC2oHIp757c10ZMyW5Wja4", "expire_date": "2025-06-17T15:43:19.868Z"}}, {"model": "authtoken.token", "pk": "b3b91cad7ad91b17458c0ed33dd5fedb167e18b8", "fields": {"user": 1, "created": "2025-05-31T21:21:56.772Z"}}, {"model": "apartment.apartment", "pk": 1, "fields": {"owner": 1, "status": "pending", "rejection_reason": null, "property_type": "apartment", "address": "Г. Москва, ул. Ахмата 95", "title": "456", "total_area": "453.00", "living_area": "435.00", "kitchen_area": "546.00", "floor": 4536, "total_floors": 435, "rooms": 0, "bathroom_type": "combined", "renovation": "clean", "balcony": 1, "view": "street", "construction_year": 1989, "last_renovation_year": 1900, "price": "234.00", "deal_type": "sale", "deposit": null, "utilities": "456", "bargain": true, "description": "45643р45", "features": "435р45н45р", "is_active": true, "created_at": "2025-05-30T04:37:59.867Z"}}, {"model": "apartment.apartment", "pk": 2, "fields": {"owner": 1, "status": "pending", "rejection_reason": null, "property_type": "apartments", "address": "32143", "title": "25", "total_area": "3425.00", "living_area": "345.00", "kitchen_area": "3425.00", "floor": 3423, "total_floors": 3425, "rooms": 34, "bathroom_type": "combined", "renovation": "clean", "balcony": 3424, "view": "yard", "construction_year": 2025, "last_renovation_year": 2025, "price": "32453245.00", "deal_type": "rent", "deposit": null, "utilities": "3425", "bargain": true, "description": "34п2343п", "features": "324п34п", "is_active": true, "created_at": "2025-05-30T05:03:34.347Z"}}, {"model": "apartment.apartment", "pk": 3, "fields": {"owner": 1, "status": "pending", "rejection_reason": null, "property_type": "apartments", "address": "Дома", "title": "4536", "total_area": "456.00", "living_area": "453.00", "kitchen_area": "4356.00", "floor": 454, "total_floors": 4356, "rooms": 43, "bathroom_type": "combined", "renovation": "clean", "balcony": 345, "view": "street", "construction_year": 1800, "last_renovation_year": 1800, "price": "456.00", "deal_type": "rent", "deposit": null, "utilities": "4536", "bargain": true, "description": "435о3", "features": "45рор54о", "is_active": true, "created_at": "2025-05-30T05:05:02.231Z"}}, {"model": "apartment.apartment", "pk": 4, "fields": {"owner": 1, "status": "pending", "rejection_reason": null, "property_type": "apartments", "address": "4536", "title": "453634", "total_area": "54364.43", "living_area": "4543.45", "kitchen_area": "4533.54", "floor": 4355, "total_floors": 4535, "rooms": 31, "bathroom_type": "separate", "renovation": "euro", "balcony": 43, "view": "river", "construction_year": 1800, "last_renovation_year": 2100, "price": "3245.00", "deal_type": "rent_daily", "deposit": "43543.00", "utilities": "543", "bargain": true, "description": "324п324п234п34п324п324п234п34п324п324п234п34п324п324п234п34п324п324п234п34п324п324п234п34п324п324п234п34п324п324п234п34п324п324п234п34п324п324п234п34п324п324п234п34п324п324п234п34п324п324п234п34п324п324п234п34п324п324п234п34п324п324п234п34п324п324п234п34п324п324п234п34п324п324п234п34п324п324п234п34п324п324п234п34п324п324п234п34п324п324п234п34п324п324п234п34п324п324п234п34п324п324п234п34п324п324п234п34п324п324п234п34п324п324п234п34п324п324п234п34п324п324п234п34п324п324п234п34п324п324п234п34п324п324п234п34п324п324п234п34п324п324п234п34п324п324п234п34п324п324п234п34п324п324п234п34п324п324п234п34п324п324п234п34п324п324п234п34п324п324п234п34п324п324п234п34п324п324п234п34п324п324п234п34п324п324п234п34п324п324п234п34п324п324п234п34п324п324п234п34п324п324п234п34п324п324п234п34п324п324п234п34п324п324п234п34п324п324п234п34п324п324п234п34п324п324п234п34п324п324п234п34п324п324п234п34п324п324п234п34п324п324п234п34п324п324п234п34п324п324п234п34п324п324п234п34п324п324п234п34п324п324п234п34п324п324п234п34п324п324п234п34п324п324п234п34п324п324п234п34п324п324п234п34п324п324п234п34п324п324п234п34п324п324п234п34п324п324п234п34п324п324п234п34п324п324п234п34п324п324п234п34п324п324п234п34п324п324п234п34п324п324п234п34п324п324п234п34п324п324п234п34п324п324п234п34п324п324п234п34п324п324п234п34п324п324п234п34п324п324п234п34п324п324п234п34п324п324п234п34п324п324п234п34п324п324п234п34п324п324п234п34п324п324п234п34п324п324п234п34п324п324п234п34п324п324п234п34п324п324п234п34п324п324п234п34п324п324п234п34п324п324п234п34п324п324п234п34п324п324п234п34п324п324п234п34п324п324п234п34п324п324п234п34п324п324п234п34п324п324п234п34п324п324п234п34п324п324п234п34п324п324п234п34п324п324п234п34п324п324п234п34п324п324п234п34п324п324п234п34п324п324п234п34п324п324п234п34п324п324п234п34п324п324п234п34п324п324п234п34п324п324п234п34п324п324п234п34п324п324п234п34п324п324п234п34п324п324п234п34п324п324п234п34п324п324п234п34п324п324п234п34п324п324п234п34п324п324п234п34п324п324п234п34п324п324п234п34п324п324п234п34п324п324п234п34п324п324п234п34п324п324п234п34п324п324п234п34п324п324п234п34п324п324п234п34п324п324п234п34п324п324п234п34п324п324п234п34п324п324п234п34п324п324п234п34п324п324п234п34п324п324п234п34п324п324п234п34п324п324п234п34п324п324п234п34п324п324п234п34п324п324п234п34п324п324п234п34п324п324п234п34п324п324п234п34п324п324п234п34п324п324п234п34п324п324п234п34п324п324п234п34п324п324п234п34п324п324п234п34п324п324п234п34п324п324п234п34п324п324п234п34п324п324п234п34п324п324п234п34п324п324п234п34п324п324п234п34п324п324п234п34п324п324п234п34п324п324п234п34п324п324п234п34п324п324п234п34п324п324п234п34п324п324п234п34п324п324п234п34п324п324п234п34п324п324п234п34п324п324п234п34п324п324п234п34п324п324п234п34п324п324п234п34п324п324п234п34п324п324п234п34п324п324п234п34п324п324п234п34п324п324п234п34п324п324п234п34п324п324п234п34п324п324п234п34п324п324п234п34п324п324п234п34п324п324п234п34п324п324п234п34п324п324п234п34п324п324п234п34п324п324п234п34п324п324п234п34п324п324п234п34п324п324п234п34п324п324п234п34п324п324п234п34п324п324п234п34п324п324п234п34п324п324п234п34п324п324п234п34п324п324п234п34п324п324п234п34п324п324п234п34п324п324п234п34п324п324п234п34п324п324п234п34п324п324п234п34п324п324п234п34п324п324п234п34п324п324п234п34п324п324п234п34п324п324п234п34п324п324п234п34п324п324п234п34п324п324п234п34п324п324п234п34п324п324п234п34п324п324п234п34п324п324п234п34п324п324п234п34п324п324п234п34п324п324п234п34п324п324п234п34п324п324п234п34п324п324п234п34п324п324п234п34п324п324п234п34п324п324п234п34п324п324п234п34п324п324п234п34п324п324п234п34п324п324п234п34п324п324п234п34п324п324п234п34п324п324п234п34п324п324п234п34п", "features": "324п324п234п34п324п324п234п34п324п324п234п34п324п324п234п34п324п324п234п34п324п324п234п34п324п324п234п34п324п324п234п34п324п324п234п34п324п324п234п34п324п324п234п34п324п324п234п34п324п324п234п34п324п324п234п34п324п324п234п34п324п324п234п34п324п324п234п34п324п324п234п34п324п324п234п34п324п324п234п34п324п324п234п34п324п324п234п34п324п324п234п34п324п324п234п34п324п324п234п34п324п324п234п34п324п324п234п34п324п324п234п34п324п324п234п34п324п324п234п34п324п324п234п34п324п324п234п34п324п324п234п34п324п324п234п34п324п324п234п34п324п324п234п34п324п324п234п34п324п324п234п34п324п324п234п34п324п324п234п34п324п324п234п34п324п324п234п34п324п324п234п34п324п324п234п34п324п324п234п34п324п324п234п34п324п324п234п34п324п324п234п34п324п324п234п34п324п324п234п34п324п324п234п34п324п324п234п34п324п324п234п34п324п324п234п34п324п324п234п34п324п324п234п34п324п324п234п34п324п324п234п34п324п324п234п34п324п324п234п34п324п324п234п34п324п324п234п34п324п324п234п34п324п324п234п34п324п324п234п34п324п324п234п34п324п324п234п34п324п324п234п34п324п324п234п34п324п324п234п34п324п324п234п34п324п324п234п34п324п324п234п34п324п324п234п34п324п324п234п34п324п324п234п34п324п324п234п34п324п324п234п34п324п324п234п34п324п324п234п34п324п324п234п34п324п324п234п34п324п324п234п34п324п324п234п34п324п324п234п34п324п324п234п34п324п324п234п34п324п324п234п34п324п324п234п34п324п324п234п34п324п324п234п34п324п324п234п34п324п324п234п34п324п324п234п34п324п324п234п34п324п324п234п34п324п324п234п34п324п324п234п34п324п324п234п34п324п324п234п34п324п324п234п34п324п324п234п34п324п324п234п34п324п324п234п34п324п324п234п34п324п324п234п34п324п324п234п34п324п324п234п34п324п324п234п34п324п324п234п34п324п324п234п34п324п324п234п34п324п324п234п34п324п324п234п34п324п324п234п34п324п324п234п34п324п324п234п34п324п324п234п34п324п324п234п34п324п324п234п34п324п324п234п34п324п324п234п34п324п324п234п34п324п324п234п34п324п324п234п34п324п324п234п34п324п324п234п34п324п324п234п34п324п324п234п34п324п324п234п34п324п324п234п34п324п324п234п34п324п324п234п34п324п324п234п34п324п324п234п34п324п324п234п34п324п324п234п34п324п324п234п34п324п324п234п34п324п324п234п34п324п324п234п34п324п324п234п34п324п324п234п34п324п324п234п34п324п324п234п34п324п324п234п34п324п324п234п34п324п324п234п34п324п324п234п34п324п324п234п34п324п324п234п34п324п324п234п34п324п324п234п34п324п324п234п34п324п324п234п34п324п324п234п34п324п324п234п34п324п324п234п34п324п324п234п34п324п324п234п34п324п324п234п34п324п324п234п34п324п324п234п34п324п324п234п34п324п324п234п34п324п324п234п34п324п324п234п34п324п324п234п34п324п324п234п34п324п324п234п34п324п324п234п34п324п324п234п34п324п324п234п34п324п324п234п34п324п324п234п34п324п324п234п34п324п324п234п34п324п324п234п34п324п324п234п34п324п324п234п34п324п324п234п34п324п324п234п34п324п324п234п34п324п324п234п34п324п324п234п34п324п324п234п34п324п324п234п34п324п324п234п34п324п324п234п34п324п324п234п34п324п324п234п34п324п324п234п34п324п324п234п34п324п324п234п34п324п324п234п34п324п324п234п34п324п324п234п34п324п324п234п34п324п324п234п34п324п324п234п34п324п324п234п34п324п324п234п34п324п324п234п34п324п324п234п34п324п324п234п34п324п324п234п34п324п324п234п34п324п324п234п34п324п324п234п34п324п324п234п34п324п324п234п34п324п324п234п34п324п324п234п34п324п324п234п34п324п324п234п34п324п324п234п34п324п324п234п34п324п324п234п34п324п324п234п34п324п324п234п34п324п324п234п34п324п324п234п34п324п324п234п34п324п324п234п34п324п324п234п34п324п324п234п34п324п324п234п34п324п324п234п34п324п324п234п34п324п324п234п34п324п324п234п34п324п324п234п34п324п324п234п34п324п324п234п34п324п324п234п34п324п324п234п34п324п324п234п34п324п324п234п34п324п324п234п34п324п324п234п34п324п324п234п34п324п324п234п34п324п324п234п34п324п324п234п34п324п324п234п34п324п324п234п34п324п324п234п34п324п324п234п34п324п324п234п34п324п324п234п34п324п324п234п34п324п324п234п34п324п324п234п34п324п324п234п34п324п324п234п34п324п324п234п34п324п324п234п34п324п324п234п34п324п324п234п34п324п324п234п34п324п324п234п34п324п324п234п34п324п324п234п34п324п324п234п34п324п324п234п34п324п324п234п34п324п324п234п34п324п324п234п34п324п324п234п34п324п324п234п34п324п324п234п34п324п324п234п34п324п324п234п34п324п324п234п34п324п324п234п34п324п324п234п34п324п324п234п34п324п324п234п34п324п324п234п34п324п324п234п34п324п324п234п34п324п324п234п34п324п324п234п34п324п324п234п34п324п324п234п34п324п324п234п34п324п324п234п34п324п324п234п34п324п324п234п34п324п324п234п34п324п324п234п34п324п324п234п34п324п324п234п34п324п324п234п34п324п324п234п34п324п324п234п34п324п324п234п34п324п324п234п34п324п324п234п34п324п324п234п34п324п324п234п34п324п324п234п34п324п324п234п34п324п324п234п34п324п324п234п34п324п324п234п34п324п324п234п34п324п324п234п34п324п324п234п34п324п324п234п34п324п324п234п34п324п324п234п34п324п324п234п34п324п324п234п34п324п324п234п34п324п324п234п34п324п324п234п34п324п324п234п34п324п324п234п34п324п324п234п34п324п324п234п34п324п324п234п34п324п324п234п34п324п324п234п34п324п324п234п34п324п324п234п34п324п324п234п34п324п324п234п34п324п324п234п34п324п324п234п34п324п324п234п34п324п324п234п34п324п324п234п34п324п324п234п34п324п324п234п34п324п324п234п34п324п324п234п34п324п324п234п34п324п324п234п34п324п324п234п34п324п324п234п34п324п324п234п34п324п324п234п34п324п324п234п34п324п324п234п34п324п324п234п34п324п324п234п34п324п324п234п34п324п324п234п34п324п324п234п34п324п324п234п34п324п324п234п34п324п324п234п34п324п324п234п34п324п324п234п34п324п324п234п34п324п324п234п34п324п324п234п34п324п324п234п34п324п324п234п34п324п324п234п34п324п324п234п34п324п324п234п34п324п324п234п34п324п324п234п34п324п324п234п34п324п324п234п34п324п324п234п34п324п324п234п34п324п324п234п34п324п324п234п34п324п324п234п34п324п324п234п34п324п324п234п34п324п324п234п34п324п324п234п34п324п324п234п34п324п324п234п34п324п324п234п34п324п324п234п34п324п324п234п34п324п324п234п34п324п324п234п34п324п324п234п34п324п324п234п34п324п324п234п34п324п324п234п34п324п324п234п34п324п324п234п34п324п324п234п34п324п324п234п34п324п324п234п34п324п324п234п34п324п324п234п34п324п324п234п34п324п324п234п34п324п324п234п34п324п324п234п34п324п324п234п34п324п324п234п34п324п324п234п34п324п324п234п34п324п324п234п34п324п324п234п34п324п324п234п34п324п324п234п34п324п324п234п34п324п324п234п34п324п324п234п34п324п324п234п34п324п324п234п34п324п324п234п34п324п324п234п34п324п324п234п34п324п324п234п34п324п324п234п34п324п324п234п34п324п324п234п34п324п324п234п34п324п324п234п34п324п324п234п34п324п324п234п34п324п324п234п34п324п324п234п34п324п324п234п34п324п324п234п34п324п324п234п34п324п324п234п34п324п324п234п34п324п324п234п34п324п324п234п34п324п324п234п34п324п324п234п34п324п324п234п34п324п324п234п34п324п324п234п34п324п324п234п34п324п324п234п34п324п324п234п34п324п324п234п34п324п324п234п34п324п324п234п34п324п324п234п34п324п324п234п34п324п324п234п34п324п324п234п34п324п324п234п34п324п324п234п34п324п324п234п34п324п324п234п34п324п324п234п34п324п324п234п34п324п324п234п34п324п324п234п34п324п324п234п34п324п324п234п34п324п324п234п34п324п324п234п34п324п324п234п34п324п324п234п34п324п324п234п34п324п324п234п34п324п324п234п34п324п324п234п34п324п324п234п34п324п324п234п34п324п324п234п34п324п324п234п34п324п324п234п34п324п324п234п34п324п324п234п34п324п324п234п34п324п324п234п34п324п324п234п34п324п324п234п34п324п324п234п34п324п324п234п34п324п324п234п34п324п324п234п34п324п324п234п34п324п324п234п34п324п324п234п34п324п324п234п34п324п324п234п34п324п324п234п34п324п324п234п34п324п324п234п34п324п324п234п34п324п324п234п34п324п324п234п34п324п324п234п34п324п324п234п34п324п324п234п34п324п324п234п34п324п324п234п34п324п324п234п34п324п324п234п34п324п324п234п34п324п324п234п34п324п324п234п34п324п324п234п34п324п324п234п34п324п324п234п34п324п324п234п34п324п324п234п34п324п324п234п34п324п324п234п34п324п324п234п34п324п324п234п34п324п324п234п34п324п324п234п34п324п324п234п34п324п324п234п34п324п324п234п34п324п324п234п34п324п324п234п34п324п324п234п34п324п324п234п34п324п324п234п34п324п324п234п34п324п324п234п34п324п324п234п34п324п324п234п34п324п324п234п34п324п324п234п34п324п324п234п34п324п324п234п34п324п324п234п34п324п324п234п34п324п324п234п34п324п324п234п34п324п324п234п34п324п324п234п34п324п324п234п34п324п324п234п34п324п324п234п34п324п324п234п34п324п324п234п34п324п324п234п34п324п324п234п34п324п324п234п34п324п324п234п34п324п324п234п34п324п324п234п34п324п324п234п34п324п324п234п34п324п324п234п34п324п324п234п34п324п324п234п34п324п324п234п34п324п324п234п34п324п324п234п34п324п324п234п34п324п324п234п34п324п324п234п34п324п324п234п34п324п324п234п34п324п324п234п34п324п324п234п34п324п324п234п34п324п324п234п34п324п324п234п34п324п324п234п34п324п324п234п34п324п324п234п34п324п324п234п34п324п324п234п34п324п324п234п34п324п324п234п34п324п324п234п34п324п324п234п34п324п324п234п34п324п324п234п34п324п324п234п34п324п324п234п34п324п324п234п34п324п324п234п34п324п324п234п34п324п324п234п34п324п324п234п34п324п324п234п34п324п324п234п34п324п324п234п34п324п324п234п34п324п324п234п34п324п324п234п34п324п324п234п34п324п324п234п34п324п324п234п34п324п324п234п34п324п324п234п34п324п324п234п34п324п324п234п34п324п324п234п34п324п324п234п34п324п324п234п34п324п324п234п34п324п324п234п34п324п324п234п34п324п324п234п34п324п324п234п34п324п324п234п34п324п324п234п34п324п324п234п34п324п324п234п34п324п324п234п34п324п324п234п34п324п324п234п34п324п324п234п34п324п324п234п34п324п324п234п34п324п324п234п34п324п324п234п34п324п324п234п34п324п324п234п34п324п324п234п34п324п324п234п34п324п324п234п34п324п324п234п34п324п324п234п34п324п324п234п34п324п324п234п34п324п324п234п34п324п324п234п34п324п324п234п34п324п324п234п34п324п324п234п34п324п324п234п34п324п324п234п34п324п324п234п34п324п324п234п34п324п324п234п34п324п324п234п34п324п324п234п34п324п324п234п34п324п324п234п34п324п324п234п34п324п324п234п34п324п324п234п34п324п324п234п34п324п324п234п34п324п324п234п34п324п324п234п34п324п324п234п34п324п324п234п34п324п324п234п34п324п324п234п34п324п324п234п34п324п324п234п34п324п324п234п34п324п324п234п34п324п324п234п34п324п324п234п34п324п324п234п34п324п324п234п34п324п324п234п34п324п324п234п34п324п324п234п34п324п324п234п34п324п324п234п34п324п324п234п34п324п324п234п34п324п324п234п34п324п324п234п34п324п324п234п34п324п324п234п34п324п324п234п34п324п324п234п34п324п324п234п34п324п324п234п34п324п324п234п34п324п324п234п34п324п324п234п34п324п324п234п34п324п324п234п34п324п324п234п34п324п324п234п34п324п324п234п34п324п324п234п34п324п324п234п34п324п324п234п34п324п324п234п34п324п324п234п34п324п324п234п34п324п324п234п34п324п324п234п34п324п324п234п34п324п324п234п34п324п324п234п34п324п324п234п34п324п324п234п34п324п324п234п34п324п324п234п34п324п324п234п34п324п324п234п34п324п324п234п34п324п324п234п34п324п324п234п34п324п324п234п34п324п324п234п34п324п324п234п34п324п324п234п34п324п324п234п34п324п324п234п34п324п324п234п34п324п324п234п34п324п324п234п34п324п324п234п34п324п324п234п34п324п324п234п34п324п324п234п34п324п324п234п34п324п324п234п34п324п324п234п34п324п324п234п34п324п324п234п34п324п324п234п34п324п324п234п34п324п324п234п34п324п324п234п34п324п324п234п34п324п324п234п34п324п324п234п34п324п324п234п34п324п324п234п34п324п324п234п34п324п324п234п34п324п324п234п34п324п324п234п34п324п324п234п34п324п324п234п34п324п324п234п34п324п324п234п34п324п324п234п34п324п324п234п34п324п324п234п34п324п324п234п34п324п324п234п34п324п324п234п34п324п324п234п34п324п324п234п34п324п324п234п34п324п324п234п34п324п324п234п34п324п324п234п34п324п324п234п34п324п324п234п34п324п324п234п34п324п324п234п34п324п324п234п34п324п324п234п34п324п324п234п34п324п324п234п34п324п324п234п34п324п324п234п34п324п324п234п34п324п324п234п34п324п324п234п34п324п324п234п34п324п324п234п34п324п324п234п34п324п324п234п34п324п324п234п34п324п324п234п34п324п324п234п34п324п324п234п34п324п324п234п34п324п324п234п34п324п324п234п34п324п324п234п34п324п324п234п34п324п324п234п34п324п324п234п34п324п324п234п34п324п324п234п34п324п324п234п34п324п324п234п34п324п324п234п34п324п324п234п34п324п324п234п34п324п324п234п34п324п324п234п34п324п324п234п34п324п324п234п34п324п324п234п34п324п324п234п34п324п324п234п34п324п324п234п34п324п324п234п34п324п324п234п34п324п324п234п34п324п324п234п34п324п324п234п34п324п324п234п34п324п324п234п34п324п324п234п34п324п324п234п34п324п324п234п34п324п324п234п34п324п324п234п34п324п324п234п34п324п324п234п34п324п324п234п34п324п324п234п34п324п324п234п34п324п324п234п34п324п324п234п34п324п324п234п34п324п324п234п34п324п324п234п34п324п324п234п34п324п324п234п34п324п324п234п34п324п324п234п34п324п324п234п34п324п324п234п34п324п324п234п34п324п324п234п34п324п324п234п34п324п324п234п34п324п324п234п34п324п324п234п34п324п324п234п34п324п324п234п34п324п324п234п34п324п324п234п34п324п324п234п34п324п324п234п34п324п324п234п34п324п324п234п34п324п324п234п34п324п324п234п34п324п324п234п34п324п324п234п34п324п324п234п34п324п324п234п34п324п324п234п34п324п324п234п34п324п324п234п34п324п324п234п34п324п324п234п34п324п324п234п34п324п324п234п34п324п324п234п34п324п324п234п34п324п324п234п34п324п324п234п34п324п324п234п34п324п324п234п34п324п324п234п34п324п324п234п34п324п324п234п34п324п324п234п34п324п324п234п34п324п324п234п34п324п324п234п34п324п324п234п34п324п324п234п34п324п324п234п34п324п324п234п34п324п324п234п34п324п324п234п34п324п324п234п34п324п324п234п34п324п324п234п34п324п324п234п34п324п324п234п34п324п324п234п34п324п324п234п34п324п324п234п34п324п324п234п34п324п324п234п34п324п324п234п34п324п324п234п34п324п324п234п34п324п324п234п34п324п324п234п34п324п324п234п34п324п324п234п34п324п324п234п34п324п324п234п34п324п324п234п34п324п324п234п34п324п324п234п34п324п324п234п34п324п324п234п34п324п324п234п34п324п324п234п34п324п324п234п34п324п324п234п34п324п324п234п34п324п324п234п34п324п324п234п34п324п324п234п34п324п324п234п34п324п324п234п34п324п324п234п34п324п324п234п34п324п324п234п34п324п324п234п34п324п324п234п34п324п324п234п34п324п324п234п34п324п324п234п34п324п324п234п34п324п324п234п34п324п324п234п34п324п324п234п34п324п324п234п34п324п324п234п34п324п324п234п34п324п324п234п34п324п324п234п34п324п324п234п34п324п324п234п34п324п324п234п34п324п324п234п34п324п324п234п34п324п324п234п34п324п324п234п34п324п324п234п34п324п324п234п34п324п324п234п34п324п324п234п34п324п324п234п34п324п324п234п34п324п324п234п34п324п324п234п34п324п324п234п34п324п324п234п34п324п324п234п34п324п324п234п34п324п324п234п34п324п324п234п34п324п324п234п34п324п324п234п34п324п324п234п34п324п324п234п34п324п324п234п34п324п324п234п34п324п324п234п34п324п324п234п34п324п324п234п34п324п324п234п34п324п324п234п34п324п324п234п34п324п324п234п34п324п324п234п34п324п324п234п34п324п324п234п34п324п324п234п34п324п324п234п34п324п324п234п34п324п324п234п34п324п324п234п34п324п324п234п34п324п324п234п34п324п324п234п34п324п324п234п34п324п324п234п34п324п324п234п34п324п324п234п34п324п324п234п34п324п324п234п34п324п324п234п34п324п324п234п34п324п324п234п34п324п324п234п34п324п324п234п34п324п324п234п34п324п324п234п34п324п324п234п34п324п324п234п34п324п324п234п34п324п324п234п34п324п324п234п34п324п324п234п34п324п324п234п34п324п324п234п34п324п324п234п34п324п324п234п34п324п324п234п34п324п324п234п34п324п324п234п34п324п324п234п34п324п324п234п34п324п324п234п34п324п324п234п34п324п324п234п34п324п324п234п34п324п324п234п34п324п324п234п34п324п324п234п34п324п324п234п34п324п324п234п34п324п324п234п34п324п324п234п34п324п324п234п34п324п324п234п34п324п324п234п34п324п324п234п34п324п324п234п34п324п324п234п34п324п324п234п34п324п324п234п34п324п324п234п34п324п324п234п34п324п324п234п34п324п324п234п34п324п324п234п34п324п324п234п34п324п324п234п34п324п324п234п34п324п324п234п34п324п324п234п34п324п324п234п34п324п324п234п34п324п324п234п34п324п324п234п34п324п324п234п34п324п324п234п34п324п324п234п34п324п324п234п34п324п324п234п34п324п324п234п34п324п324п234п34п324п324п234п34п324п324п234п34п324п324п234п34п324п324п234п34п324п324п234п34п324п324п234п34п324п324п234п34п324п324п234п34п324п324п234п34п324п324п234п34п324п324п234п34п324п324п234п34п324п324п234п34п324п324п234п34п324п324п234п34п324п324п234п34п324п324п234п34п324п324п234п34п324п324п234п34п324п324п234п34п324п324п234п34п324п324п234п34п324п324п234п34п324п324п234п34п324п324п234п34п324п324п234п34п324п324п234п34п324п324п234п34п324п324п234п34п324п324п234п34п324п324п234п34п324п324п234п34п324п324п234п34п324п324п234п34п324п324п234п34п324п324п234п34п324п324п234п34п324п324п234п34п324п324п234п34п324п324п234п34п324п324п234п34п324п324п234п34п324п324п234п34п324п324п234п34п324п324п234п34п324п324п234п34п324п324п234п34п324п324п234п34п324п324п234п34п324п324п234п34п324п324п234п34п324п324п234п34п324п324п234п34п324п324п234п34п324п324п234п34п324п324п234п34п324п324п234п34п324п324п234п34п324п324п234п34п324п324п234п34п324п324п234п34п324п324п234п34п324п324п234п34п324п324п234п34п324п324п234п34п324п324п234п34п324п324п234п34п324п324п234п34п324п324п234п34п324п324п234п34п324п324п234п34п324п324п234п34п324п324п234п34п324п324п234п34п324п324п234п34п324п324п234п34п324п324п234п34п324п324п234п34п324п324п234п34п324п324п234п34п324п324п234п34п324п324п234п34п324п324п234п34п324п324п234п34п324п324п234п34п324п324п234п34п324п324п234п34п324п324п234п34п324п324п234п34п324п324п234п34п324п324п234п34п324п324п234п34п324п324п234п34п324п324п234п34п324п324п234п34п324п324п234п34п324п324п234п34п324п324п234п34п324п324п234п34п324п324п234п34п324п324п234п34п324п324п234п34п324п324п234п34п324п324п234п34п324п324п234п34п324п324п234п34п324п324п234п34п324п324п234п34п324п324п234п34п324п324п234п34п324п324п234п34п324п324п234п34п324п324п234п34п324п324п234п34п324п324п234п34п324п324п234п34п324п324п234п34п324п324п234п34п324п324п234п34п324п324п234п34п324п324п234п34п324п324п234п34п324п324п234п34п324п324п234п34п324п324п234п34п324п324п234п34п324п324п234п34п324п324п234п34п324п324п234п34п324п324п234п34п324п324п234п34п324п324п234п34п324п324п234п34п324п324п234п34п324п324п234п34п324п324п234п34п324п324п234п34п324п324п234п34п324п324п234п34п324п324п234п34п324п324п234п34п324п324п234п34п324п324п234п34п324п324п234п34п324п324п234п34п324п324п234п34п324п324п234п34п324п324п234п34п324п324п234п34п324п324п234п34п324п324п234п34п324п324п234п34п324п324п234п34п324п324п234п34п324п324п234п34п324п324п234п34п324п324п234п34п324п324п234п34п324п324п234п34п324п324п234п34п324п324п234п34п324п324п234п34п324п324п234п34п324п324п234п34п324п324п234п34п324п324п234п34п324п324п234п34п324п324п234п34п324п324п234п34п324п324п234п34п324п324п234п34п324п324п234п34п324п324п234п34п324п324п234п34п324п324п234п34п324п324п234п34п324п324п234п34п324п324п234п34п324п324п234п34п", "is_active": true, "created_at": "2025-05-30T06:00:17.076Z"}}, {"model": "apartment.apartment", "pk": 5, "fields": {"owner": 1, "status": "pending", "rejection_reason": null, "property_type": "apartment", "address": "324", "title": "232", "total_area": "2133.99", "living_area": "3421.00", "kitchen_area": null, "floor": 3124, "total_floors": 21342, "rooms": 13, "bathroom_type": "combined", "renovation": "design", "balcony": 11, "view": "park", "construction_year": null, "last_renovation_year": null, "price": "345.00", "deal_type": "sale", "deposit": null, "utilities": "21341", "bargain": true, "description": "21334п1", "features": "32142п32", "is_active": true, "created_at": "2025-05-30T06:50:42.983Z"}}, {"model": "apartment.apartment", "pk": 6, "fields": {"owner": 1, "status": "pending", "rejection_reason": null, "property_type": "apartment", "address": "4536", "title": "453634", "total_area": "5436.00", "living_area": "3.00", "kitchen_area": null, "floor": 4534, "total_floors": 654, "rooms": 786, "bathroom_type": "combined", "renovation": "euro", "balcony": 0, "view": "park", "construction_year": null, "last_renovation_year": null, "price": "467547.00", "deal_type": "sale", "deposit": null, "utilities": "4567", "bargain": true, "description": "5465о6", "features": "654о64", "is_active": true, "created_at": "2025-05-30T06:56:59.667Z"}}, {"model": "apartment.apartment", "pk": 7, "fields": {"owner": 1, "status": "approved", "rejection_reason": null, "property_type": "apartment", "address": "567", "title": "567", "total_area": "5647.00", "living_area": null, "kitchen_area": null, "floor": 5647, "total_floors": 5647, "rooms": 678, "bathroom_type": "multiple", "renovation": "design", "balcony": 0, "view": "street", "construction_year": null, "last_renovation_year": null, "price": "7686.00", "deal_type": "sale", "deposit": null, "utilities": "876", "bargain": false, "description": "76ш7", "features": "6л6л6л7", "is_active": false, "created_at": "2025-05-30T06:58:31.127Z"}}, {"model": "apartment.apartment", "pk": 9, "fields": {"owner": 1, "status": "approved", "rejection_reason": null, "property_type": "apartments", "address": "3425", "title": "3425", "total_area": "3452.00", "living_area": "3245.00", "kitchen_area": "3425.00", "floor": 3425, "total_floors": 3425, "rooms": 65, "bathroom_type": "multiple", "renovation": "clean", "balcony": 345, "view": "street", "construction_year": 1800, "last_renovation_year": 1800, "price": "546.00", "deal_type": "sale", "deposit": null, "utilities": "4356", "bargain": false, "description": "45645р35р", "features": "54т5ти453т4", "is_active": true, "created_at": "2025-05-30T08:41:57.824Z"}}, {"model": "apartment.apartment", "pk": 10, "fields": {"owner": 1, "status": "rejected", "rejection_reason": "", "property_type": "studio", "address": "Дома", "title": "Very Horror Story", "total_area": "3432.23", "living_area": "467.00", "kitchen_area": "6547.00", "floor": 234, "total_floors": 233, "rooms": 0, "bathroom_type": "combined", "renovation": "clean", "balcony": 0, "view": "city", "construction_year": 1800, "last_renovation_year": 2020, "price": "45643.00", "deal_type": "sale", "deposit": null, "utilities": "1 млн в день", "bargain": true, "description": "43н54н65н6575674", "features": "564756765765", "is_active": false, "created_at": "2025-05-30T16:34:47.904Z"}}, {"model": "apartment.apartment", "pk": 11, "fields": {"owner": 1, "status": "pending", "rejection_reason": null, "property_type": "studio", "address": "негл", "title": "нгл", "total_area": "456.00", "living_area": null, "kitchen_area": null, "floor": 754, "total_floors": 5467, "rooms": 65, "bathroom_type": "combined", "renovation": "euro", "balcony": 56, "view": "street", "construction_year": null, "last_renovation_year": null, "price": "564.00", "deal_type": "sale", "deposit": null, "utilities": "5467", "bargain": false, "description": "54656", "features": "67ьь", "is_active": false, "created_at": "2025-06-01T04:55:06.012Z"}}, {"model": "apartment.apartment", "pk": 12, "fields": {"owner": 1, "status": "pending", "rejection_reason": null, "property_type": "studio", "address": "56", "title": "65о", "total_area": "564.00", "living_area": "543.00", "kitchen_area": "53.00", "floor": 564, "total_floors": 54, "rooms": 56, "bathroom_type": "combined", "renovation": "clean", "balcony": 435, "view": "river", "construction_year": null, "last_renovation_year": null, "price": "56.00", "deal_type": "sale", "deposit": null, "utilities": null, "bargain": false, "description": "56о", "features": null, "is_active": false, "created_at": "2025-06-01T05:04:33.008Z"}}, {"model": "apartment.apartment", "pk": 13, "fields": {"owner": 1, "status": "pending", "rejection_reason": null, "property_type": "apartment", "address": "Дома", "title": "3241", "total_area": "1234.00", "living_area": null, "kitchen_area": null, "floor": 342, "total_floors": 234, "rooms": 234, "bathroom_type": "combined", "renovation": "euro", "balcony": 123, "view": "yard", "construction_year": null, "last_renovation_year": null, "price": "324.00", "deal_type": "sale", "deposit": null, "utilities": null, "bargain": false, "description": "234", "features": "2341", "is_active": false, "created_at": "2025-06-01T05:22:21.911Z"}}, {"model": "apartment.apartment", "pk": 14, "fields": {"owner": 1, "status": "pending", "rejection_reason": null, "property_type": "studio", "address": "32143", "title": "345", "total_area": "45.00", "living_area": "435.00", "kitchen_area": "435.00", "floor": 434, "total_floors": 435, "rooms": 435, "bathroom_type": "separate", "renovation": "euro", "balcony": 45, "view": "street", "construction_year": null, "last_renovation_year": null, "price": "435.00", "deal_type": "sale", "deposit": null, "utilities": null, "bargain": false, "description": "4325", "features": "345", "is_active": false, "created_at": "2025-06-01T05:28:33.467Z"}}, {"model": "apartment.apartment", "pk": 15, "fields": {"owner": 1, "status": "pending", "rejection_reason": null, "property_type": "apartments", "address": "Дома", "title": "546", "total_area": "56.00", "living_area": "546.00", "kitchen_area": "564.00", "floor": 456, "total_floors": 456, "rooms": 564, "bathroom_type": "multiple", "renovation": "clean", "balcony": 45, "view": "street", "construction_year": null, "last_renovation_year": null, "price": "5466.00", "deal_type": "sale", "deposit": null, "utilities": null, "bargain": false, "description": "6546о", "features": null, "is_active": false, "created_at": "2025-06-01T05:42:29.825Z"}}, {"model": "apartment.apartment", "pk": 16, "fields": {"owner": 1, "status": "pending", "rejection_reason": null, "property_type": "apartment", "address": "Домаr", "title": "432", "total_area": "435.00", "living_area": null, "kitchen_area": null, "floor": 345, "total_floors": 435, "rooms": 345, "bathroom_type": "combined", "renovation": "rough", "balcony": 34, "view": "street", "construction_year": null, "last_renovation_year": null, "price": "234.00", "deal_type": "rent_daily", "deposit": "435.00", "utilities": null, "bargain": false, "description": "5343", "features": "453", "is_active": false, "created_at": "2025-06-01T06:09:33.246Z"}}, {"model": "apartment.apartment", "pk": 17, "fields": {"owner": 1, "status": "pending", "rejection_reason": null, "property_type": "apartments", "address": "32143", "title": "erwt", "total_area": "435.00", "living_area": "453.00", "kitchen_area": "453.00", "floor": 543, "total_floors": 43, "rooms": 43, "bathroom_type": "multiple", "renovation": "clean", "balcony": 4, "view": "yard", "construction_year": null, "last_renovation_year": null, "price": "4256436.00", "deal_type": "sale", "deposit": null, "utilities": null, "bargain": false, "description": "45", "features": null, "is_active": false, "created_at": "2025-06-01T06:13:21.043Z"}}, {"model": "apartment.apartment", "pk": 18, "fields": {"owner": 1, "status": "pending", "rejection_reason": null, "property_type": "studio", "address": "4536", "title": "768", "total_area": "678.00", "living_area": null, "kitchen_area": null, "floor": 678, "total_floors": 78, "rooms": 76, "bathroom_type": "combined", "renovation": "clean", "balcony": 76, "view": "street", "construction_year": null, "last_renovation_year": null, "price": "786.00", "deal_type": "rent_daily", "deposit": "678.00", "utilities": null, "bargain": false, "description": "768", "features": null, "is_active": false, "created_at": "2025-06-01T06:19:06.419Z"}}, {"model": "apartment.apartmentimage", "pk": 1, "fields": {"apartment": 1, "image": "apartment_images/5fc6630c94cd4f44bed75e2dc88cb374.png"}}, {"model": "apartment.apartmentimage", "pk": 2, "fields": {"apartment": 1, "image": "apartment_images/02723226da5e4fa3ba431c9553858a16.webp"}}, {"model": "apartment.apartmentimage", "pk": 3, "fields": {"apartment": 1, "image": "apartment_images/872449b0688e4d0f9786067c0273c967.webp"}}, {"model": "apartment.apartmentimage", "pk": 4, "fields": {"apartment": 1, "image": "apartment_images/11024fcac839498691bc6cbec6b15bae.png"}}, {"model": "apartment.apartmentimage", "pk": 5, "fields": {"apartment": 1, "image": "apartment_images/31a9237a54bd49f9893ad8ffb5c55cbb.jpg"}}, {"model": "apartment.apartmentimage", "pk": 6, "fields": {"apartment": 1, "image": "apartment_images/911dd108b43b4ee995f6875ed4e7f22c.png"}}, {"model": "apartment.apartmentimage", "pk": 7, "fields": {"apartment": 1, "image": "apartment_images/9ffd140ef40e49b282562ff9159400df.jpg"}}, {"model": "apartment.apartmentimage", "pk": 8, "fields": {"apartment": 1, "image": "apartment_images/313f8e16c987447d8a55b66272a63f0b.png"}}, {"model": "apartment.apartmentimage", "pk": 9, "fields": {"apartment": 1, "image": "apartment_images/06a98ec9ab464048ac01e91ed9324a54.png"}}, {"model": "apartment.apartmentimage", "pk": 10, "fields": {"apartment": 1, "image": "apartment_images/fc12fce1999a4262874c3540902e6acd.jpg"}}, {"model": "apartment.apartmentimage", "pk": 11, "fields": {"apartment": 1, "image": "apartment_images/0e2a38cebc914ae9bb57d879a1b7598e.jpg"}}, {"model": "apartment.apartmentimage", "pk": 12, "fields": {"apartment": 1, "image": "apartment_images/9bd2d15defaf41b3a878e4d5af33d8c6.png"}}, {"model": "apartment.apartmentimage", "pk": 13, "fields": {"apartment": 1, "image": "apartment_images/82ce55dc00314846b6f29b2bf6899fe8.webp"}}, {"model": "apartment.apartmentimage", "pk": 14, "fields": {"apartment": 1, "image": "apartment_images/d611489228a6452da38a6584e52dd6be.webp"}}, {"model": "apartment.apartmentimage", "pk": 15, "fields": {"apartment": 1, "image": "apartment_images/655b4f53f5b54162acc1c4e0952fe86a.png"}}, {"model": "apartment.apartmentimage", "pk": 16, "fields": {"apartment": 1, "image": "apartment_images/e59f5d98fdde441cbf2aa833eff6f3a0.jpg"}}, {"model": "apartment.apartmentimage", "pk": 17, "fields": {"apartment": 1, "image": "apartment_images/6ee9816bdfac43f39c16baff2a050ff4.png"}}, {"model": "apartment.apartmentimage", "pk": 18, "fields": {"apartment": 1, "image": "apartment_images/0443ea88d70441cd8138711f0f213d08.jpg"}}, {"model": "apartment.apartmentimage", "pk": 19, "fields": {"apartment": 1, "image": "apartment_images/ac1e4a56971042d89c365d6f8486a562.png"}}, {"model": "apartment.apartmentimage", "pk": 20, "fields": {"apartment": 1, "image": "apartment_images/b92cb8e11edb45e4b608900a11638d6c.png"}}, {"model": "apartment.apartmentimage", "pk": 21, "fields": {"apartment": 1, "image": "apartment_images/84f3c9eac01a46e2947e0377b7b5d3bf.jpg"}}, {"model": "apartment.apartmentimage", "pk": 22, "fields": {"apartment": 1, "image": "apartment_images/74965dac525d4edfa4d0914f46499fef.jpg"}}, {"model": "apartment.apartmentimage", "pk": 23, "fields": {"apartment": 2, "image": "apartment_images/d7068b77e2a742cba2e6600e039c7344.webp"}}, {"model": "apartment.apartmentimage", "pk": 24, "fields": {"apartment": 2, "image": "apartment_images/2237b52dd2d14cd79939bdf3adad70c7.png"}}, {"model": "apartment.apartmentimage", "pk": 25, "fields": {"apartment": 2, "image": "apartment_images/d24aa5b9d35248089f05d9c19fa740c7.jpg"}}, {"model": "apartment.apartmentimage", "pk": 26, "fields": {"apartment": 2, "image": "apartment_images/79cbc7d6405244118f032550cc8a8275.png"}}, {"model": "apartment.apartmentimage", "pk": 27, "fields": {"apartment": 2, "image": "apartment_images/b76539c155784720965d3c084c5fd95c.webp"}}, {"model": "apartment.apartmentimage", "pk": 28, "fields": {"apartment": 2, "image": "apartment_images/bbe5042a0b8a481c8c84852b529b4397.png"}}, {"model": "apartment.apartmentimage", "pk": 29, "fields": {"apartment": 2, "image": "apartment_images/84affb53d71e422cb301a16393b7962b.jpg"}}, {"model": "apartment.apartmentimage", "pk": 30, "fields": {"apartment": 2, "image": "apartment_images/cb5c2167667c4c15ba1c274047a0e56c.png"}}, {"model": "apartment.apartmentimage", "pk": 31, "fields": {"apartment": 3, "image": "apartment_images/86748441b84a4e21bfe7add453d345b1.png"}}, {"model": "apartment.apartmentimage", "pk": 32, "fields": {"apartment": 3, "image": "apartment_images/b64d460c93854fb8861ae1ccd54c4a85.png"}}, {"model": "apartment.apartmentimage", "pk": 33, "fields": {"apartment": 3, "image": "apartment_images/a5a166a599164e6397b813715e555694.jpg"}}, {"model": "apartment.apartmentimage", "pk": 34, "fields": {"apartment": 3, "image": "apartment_images/49ff617322354c189d35c0f9fbfe5467.png"}}, {"model": "apartment.apartmentimage", "pk": 35, "fields": {"apartment": 4, "image": "apartment_images/2c3c498eaa2041acaa51b05ce5bca508.png"}}, {"model": "apartment.apartmentimage", "pk": 36, "fields": {"apartment": 4, "image": "apartment_images/5b781a469a164f999092bc4f7d7ae86d.png"}}, {"model": "apartment.apartmentimage", "pk": 37, "fields": {"apartment": 4, "image": "apartment_images/006da410c83f478a9417f8effb176a0c.webp"}}, {"model": "apartment.apartmentimage", "pk": 38, "fields": {"apartment": 4, "image": "apartment_images/61b011a6740a4cb1baeac1a2137aab01.webp"}}, {"model": "apartment.apartmentimage", "pk": 39, "fields": {"apartment": 4, "image": "apartment_images/12e5f8669f02453185b3644f61c4748f.png"}}, {"model": "apartment.apartmentimage", "pk": 40, "fields": {"apartment": 4, "image": "apartment_images/510d8f47ca77410994a49af9412a9408.jpg"}}, {"model": "apartment.apartmentimage", "pk": 41, "fields": {"apartment": 4, "image": "apartment_images/4a37a112d9624c6493715dfaa29cb892.png"}}, {"model": "apartment.apartmentimage", "pk": 42, "fields": {"apartment": 4, "image": "apartment_images/fb3770c19f4a49a592a98fc30d7fc482.jpg"}}, {"model": "apartment.apartmentimage", "pk": 43, "fields": {"apartment": 4, "image": "apartment_images/19c2b8357a634c3690061c5caeda2c85.jpg"}}, {"model": "apartment.apartmentimage", "pk": 44, "fields": {"apartment": 4, "image": "apartment_images/6acf8cd8285e427a8e669e8e8fcfb873.png"}}, {"model": "apartment.apartmentimage", "pk": 45, "fields": {"apartment": 4, "image": "apartment_images/73ad9cb49a7941c18ba2958f335350b4.png"}}, {"model": "apartment.apartmentimage", "pk": 46, "fields": {"apartment": 4, "image": "apartment_images/ade84be64c6d4bb5874da02bfbc9e9d8.jpg"}}, {"model": "apartment.apartmentimage", "pk": 47, "fields": {"apartment": 4, "image": "apartment_images/6101d239be1b4a1d92f4899f32a253b3.png"}}, {"model": "apartment.apartmentimage", "pk": 48, "fields": {"apartment": 4, "image": "apartment_images/ce4ea3371d4f4f63b620ddd3bbce0c96.png"}}, {"model": "apartment.apartmentimage", "pk": 49, "fields": {"apartment": 4, "image": "apartment_images/58c8636b253345a28a350d0617c51130.png"}}, {"model": "apartment.apartmentimage", "pk": 50, "fields": {"apartment": 4, "image": "apartment_images/f1197d9961d5480d8668873aec7f3ac9.png"}}, {"model": "apartment.apartmentimage", "pk": 51, "fields": {"apartment": 4, "image": "apartment_images/a9a0b576e11d4a30a22dc2506433b304.jpg"}}, {"model": "apartment.apartmentimage", "pk": 52, "fields": {"apartment": 4, "image": "apartment_images/4375672396484295b265c9f66536e036.jpg"}}, {"model": "apartment.apartmentimage", "pk": 53, "fields": {"apartment": 4, "image": "apartment_images/f74eaabb8f23475a89d0a644cbb0e32f.jpg"}}, {"model": "apartment.apartmentimage", "pk": 54, "fields": {"apartment": 4, "image": "apartment_images/9ed79706630046e1af76ff7033a38ea7.jpg"}}, {"model": "apartment.apartmentimage", "pk": 55, "fields": {"apartment": 5, "image": "apartment_images/0fd0e26b511d484bb59e05f6497f35a7.jpg"}}, {"model": "apartment.apartmentimage", "pk": 56, "fields": {"apartment": 6, "image": "apartment_images/fa2da78fb1ef4b759e9b4d5b4da390d0.png"}}, {"model": "apartment.apartmentimage", "pk": 57, "fields": {"apartment": 7, "image": "apartment_images/0e88332137a8426f94ec517a6def84ff.png"}}, {"model": "apartment.apartmentimage", "pk": 59, "fields": {"apartment": 9, "image": "apartment_images/8959fa82b64145e2974049fc81db88ac.jpg"}}, {"model": "apartment.apartmentimage", "pk": 60, "fields": {"apartment": 10, "image": "apartment_images/e7912bf10f994148a6f5120b03fe4250.jpg"}}, {"model": "apartment.apartmentimage", "pk": 61, "fields": {"apartment": 10, "image": "apartment_images/8c2626b63dc243ea901ce0b1b932646d.png"}}, {"model": "apartment.apartmentimage", "pk": 62, "fields": {"apartment": 10, "image": "apartment_images/c90595f9920547e5829dea2690918ae0.png"}}, {"model": "apartment.apartmentimage", "pk": 63, "fields": {"apartment": 10, "image": "apartment_images/06646dfa1d9840a08a1375f2df8413cc.webp"}}, {"model": "apartment.apartmentimage", "pk": 64, "fields": {"apartment": 10, "image": "apartment_images/58ca376d9c5b4e888f5d7c68812f0dfc.webp"}}, {"model": "apartment.apartmentimage", "pk": 65, "fields": {"apartment": 10, "image": "apartment_images/6758261a088c441eaa289e4d675c5d7e.png"}}, {"model": "apartment.apartmentimage", "pk": 66, "fields": {"apartment": 10, "image": "apartment_images/717a437d74b744c0b588005afe554b82.jpg"}}, {"model": "apartment.apartmentimage", "pk": 67, "fields": {"apartment": 10, "image": "apartment_images/5df5cd3f604247ae865acc781571dbae.png"}}, {"model": "apartment.apartmentimage", "pk": 68, "fields": {"apartment": 10, "image": "apartment_images/2c3237cdf80245b08f8ecedd274dccd2.jpg"}}, {"model": "apartment.apartmentimage", "pk": 69, "fields": {"apartment": 10, "image": "apartment_images/a81f0b8d8f344e8da00eb6b717a9adb0.jpg"}}, {"model": "apartment.apartmentimage", "pk": 70, "fields": {"apartment": 10, "image": "apartment_images/77b7287146184a5cb08c02604252792d.png"}}, {"model": "apartment.apartmentimage", "pk": 71, "fields": {"apartment": 10, "image": "apartment_images/a855f90065aa4c3096b9c93fdcef92a8.png"}}, {"model": "apartment.apartmentimage", "pk": 72, "fields": {"apartment": 10, "image": "apartment_images/5f189a76a3c0498db2316b80221bcd9c.jpg"}}, {"model": "apartment.apartmentimage", "pk": 73, "fields": {"apartment": 10, "image": "apartment_images/b1c182235b364947ba5f56032e4718de.png"}}, {"model": "apartment.apartmentimage", "pk": 74, "fields": {"apartment": 10, "image": "apartment_images/0f370366e41647188550068a468d134b.png"}}, {"model": "apartment.apartmentimage", "pk": 75, "fields": {"apartment": 10, "image": "apartment_images/eb0c29cc4fef413b98a54dfd782f399d.png"}}, {"model": "apartment.apartmentimage", "pk": 76, "fields": {"apartment": 10, "image": "apartment_images/95c5cf43e4744fd19dd656e0ee9c9143.png"}}, {"model": "apartment.apartmentimage", "pk": 77, "fields": {"apartment": 10, "image": "apartment_images/457afa1a3db34e52a4741d7ec00b5912.jpg"}}, {"model": "apartment.apartmentimage", "pk": 78, "fields": {"apartment": 10, "image": "apartment_images/b3d6af11122047b08970773e68c4245c.jpg"}}, {"model": "apartment.apartmentimage", "pk": 79, "fields": {"apartment": 11, "image": "apartment_images/639b3b1dc4d94641973142d8e57609db.jpg"}}, {"model": "apartment.apartmentimage", "pk": 80, "fields": {"apartment": 12, "image": "apartment_images/75c929237b6642119e0722da9e074e42.webp"}}, {"model": "apartment.apartmentimage", "pk": 81, "fields": {"apartment": 13, "image": "apartment_images/d369f8c55ad84d7ab44bc919c18a0e39.jpg"}}, {"model": "apartment.apartmentimage", "pk": 82, "fields": {"apartment": 14, "image": "apartment_images/3ccd6e2f2f494dd796ef27e826b828c3.jpg"}}, {"model": "apartment.apartmentimage", "pk": 83, "fields": {"apartment": 15, "image": "apartment_images/a1a7abd99b6441ba9dc2f0f3198d5e4e.webp"}}, {"model": "apartment.apartmentimage", "pk": 84, "fields": {"apartment": 16, "image": "apartment_images/b8ddd1a915b84bf68a3532714fccc6a2.jpg"}}, {"model": "apartment.apartmentimage", "pk": 85, "fields": {"apartment": 17, "image": "apartment_images/a9602e68c1fa41be9b5a8d9321557afd.jpg"}}, {"model": "apartment.apartmentimage", "pk": 86, "fields": {"apartment": 18, "image": "apartment_images/b5ab6c9500f141fdaa68d4b6aead39ca.jpg"}}, {"model": "accounts.customuser", "pk": 1, "fields": {"password": "pbkdf2_sha256$1000000$HujRBH4gOLFfvPXknL3c5R$E5d5wccJ+TemOrLivtyEvtzfbW+8cdbH7PebdUSDinA=", "last_login": "2025-06-03T15:43:19.862Z", "is_superuser": true, "last_name": "", "date_joined": "2025-05-30T03:15:02Z", "email": "restect@gmail.com", "role": "admin", "phone_number": "89287007015", "first_name": "restect", "telegram_id": "7640733388", "is_active": true, "is_staff": true, "groups": [], "user_permissions": []}}, {"model": "accounts.customuser", "pk": 2, "fields": {"password": "!pJNHc56vbgdGkSbHsMtuT12F31u9326LVkQM80Ww", "last_login": "2025-06-01T11:25:55.689Z", "is_superuser": false, "last_name": "", "date_joined": "2025-06-01T11:25:55.670Z", "email": "456thb3@gmail.com", "role": "manager", "phone_number": "+74532546", "first_name": "5432", "telegram_id": null, "is_active": true, "is_staff": true, "groups": [], "user_permissions": []}}, {"model": "accounts.customuser", "pk": 3, "fields": {"password": "!muTvMFrwQm24osnmDt5GElIwzKY6g9eojkDp7E2V", "last_login": "2025-06-03T15:42:51.141Z", "is_superuser": false, "last_name": "", "date_joined": "2025-06-01T20:12:09.138Z", "email": "thkmhkrt@gmail.com", "role": "admin", "phone_number": "+79287007016", "first_name": "34t234", "telegram_id": null, "is_active": true, "is_staff": true, "groups": [], "user_permissions": []}}, {"model": "applications.application", "pk": 1, "fields": {"name": "3452", "phone": "3452", "comment": "Запрос на аванс", "created_at": "2025-05-31T00:59:57.449Z", "status": "in_progress"}}, {"model": "applications.application", "pk": 2, "fields": {"name": "21342", "phone": "2314234234", "comment": "Запрос на аванс", "created_at": "2025-05-31T01:23:15.736Z", "status": "new"}}, {"model": "applications.application", "pk": 3, "fields": {"name": "2543435", "phone": "435645", "comment": "Срочная продажа", "created_at": "2025-05-31T01:24:03.563Z", "status": "new"}}, {"model": "applications.application", "pk": 4, "fields": {"name": "53422", "phone": "3425", "comment": "Срочная продажа", "created_at": "2025-05-31T01:48:45.093Z", "status": "new"}}, {"model": "applications.application", "pk": 5, "fields": {"name": "4353", "phone": "5342523", "comment": "3565427555523452345", "created_at": "2025-05-31T01:56:52.314Z", "status": "new"}}, {"model": "applications.application", "pk": 6, "fields": {"name": "Асхьаю Дитт", "phone": "Бот", "comment": "Докх дитт", "created_at": "2025-05-31T21:33:49.011Z", "status": "in_progress"}}, {"model": "applications.application", "pk": 7, "fields": {"name": "Асхьаб бот", "phone": "Вокх бот", "comment": "Ботяра", "created_at": "2025-05-31T21:43:03.395Z", "status": "new"}}, {"model": "applications.application", "pk": 8, "fields": {"name": "4235", "phone": "345", "comment": "345", "created_at": "2025-05-31T22:32:29.332Z", "status": "new"}}, {"model": "applications.application", "pk": 9, "fields": {"name": "4536", "phone": "4536", "comment": "4536", "created_at": "2025-06-01T01:02:58.874Z", "status": "new"}}, {"model": "applications.application", "pk": 10, "fields": {"name": "235", "phone": "g32", "comment": "43g3", "created_at": "2025-06-01T01:08:49.417Z", "status": "new"}}, {"model": "applications.application", "pk": 11, "fields": {"name": "44325", "phone": "345", "comment": "3425", "created_at": "2025-06-01T01:11:20.200Z", "status": "new"}}, {"model": "applications.application", "pk": 12, "fields": {"name": "2345", "phone": "2345", "comment": "3452", "created_at": "2025-06-01T01:12:47.049Z", "status": "new"}}, {"model": "applications.application", "pk": 13, "fields": {"name": "е35", "phone": "4р4", "comment": "5р4", "created_at": "2025-06-01T01:17:06.938Z", "status": "new"}}, {"model": "applications.application", "pk": 14, "fields": {"name": "л66", "phone": "65ь", "comment": "6ь7", "created_at": "2025-06-01T01:19:55.864Z", "status": "new"}}, {"model": "applications.application", "pk": 15, "fields": {"name": "2345", "phone": "342", "comment": "4п2", "created_at": "2025-06-01T01:21:27.144Z", "status": "new"}}, {"model": "applications.application", "pk": 17, "fields": {"name": "trb", "phone": "trb", "comment": "rtb", "created_at": "2025-06-01T01:32:49.936Z", "status": "new"}}, {"model": "applications.application", "pk": 18, "fields": {"name": "2342314", "phone": "234", "comment": "2314", "created_at": "2025-06-01T01:37:21.097Z", "status": "new"}}, {"model": "applications.application", "pk": 19, "fields": {"name": "werq", "phone": "wer", "comment": "weq", "created_at": "2025-06-01T01:37:50.817Z", "status": "new"}}, {"model": "applications.application", "pk": 20, "fields": {"name": "3h", "phone": "rth", "comment": "rth", "created_at": "2025-06-01T01:39:18.255Z", "status": "new"}}, {"model": "applications.application", "pk": 21, "fields": {"name": "54634", "phone": "4536", "comment": "45h3", "created_at": "2025-06-01T01:44:01.470Z", "status": "new"}}, {"model": "applications.application", "pk": 22, "fields": {"name": "rewgerg", "phone": "reg", "comment": "regw", "created_at": "2025-06-01T01:57:57.664Z", "status": "new"}}, {"model": "applications.application", "pk": 23, "fields": {"name": "54634", "phone": "4536", "comment": "45h3", "created_at": "2025-06-01T01:58:11.416Z", "status": "new"}}, {"model": "applications.application", "pk": 24, "fields": {"name": "tyn", "phone": "tym", "comment": "tyrmr", "created_at": "2025-06-01T02:04:18.736Z", "status": "new"}}, {"model": "applications.application", "pk": 25, "fields": {"name": "rryn", "phone": "4536", "comment": "45h3", "created_at": "2025-06-01T02:04:41.616Z", "status": "new"}}, {"model": "applications.application", "pk": 26, "fields": {"name": "rryn", "phone": "4536", "comment": "45h3", "created_at": "2025-06-01T02:11:36.395Z", "status": "new"}}, {"model": "applications.application", "pk": 27, "fields": {"name": "rryn", "phone": "4536", "comment": "45h3", "created_at": "2025-06-01T02:11:50.618Z", "status": "in_progress"}}, {"model": "applications.application", "pk": 28, "fields": {"name": "йцук", "phone": "цуйк", "comment": "цуйп", "created_at": "2025-06-01T02:45:24.494Z", "status": "new"}}, {"model": "applications.application", "pk": 29, "fields": {"name": "33р", "phone": "ерк", "comment": "Запрос на аванс", "created_at": "2025-06-01T02:47:06.756Z", "status": "new"}}, {"model": "applications.application", "pk": 30, "fields": {"name": "eq4", "phone": "3brb", "comment": "Запрос на аванс", "created_at": "2025-06-01T03:44:54.000Z", "status": "new"}}, {"model": "applications.application", "pk": 31, "fields": {"name": "546о", "phone": "56н", "comment": "6556р", "created_at": "2025-06-01T12:09:52.542Z", "status": "new"}}, {"model": "applications.application", "pk": 32, "fields": {"name": "454", "phone": "45h", "comment": "5436h4", "created_at": "2025-06-01T16:26:42.933Z", "status": "new"}}, {"model": "applications.application", "pk": 33, "fields": {"name": "trey", "phone": "rty", "comment": "rtyrtey", "created_at": "2025-06-01T16:29:53.752Z", "status": "new"}}, {"model": "applications.application", "pk": 34, "fields": {"name": "432", "phone": "5345", "comment": "4325", "created_at": "2025-06-01T16:36:27.057Z", "status": "new"}}, {"model": "applications.application", "pk": 35, "fields": {"name": "укеуке", "phone": "укце", "comment": "укецуке", "created_at": "2025-06-01T16:46:34.021Z", "status": "new"}}, {"model": "applications.application", "pk": 36, "fields": {"name": "rewt", "phone": "ertw", "comment": "erwt", "created_at": "2025-06-01T19:48:27.103Z", "status": "new"}}, {"model": "applications.application", "pk": 37, "fields": {"name": "уце", "phone": "цуйк", "comment": "цйекуе", "created_at": "2025-06-01T19:49:55.284Z", "status": "new"}}, {"model": "applications.application", "pk": 38, "fields": {"name": "цпк", "phone": "укп", "comment": "укп", "created_at": "2025-06-01T19:51:23.888Z", "status": "new"}}, {"model": "applications.application", "pk": 39, "fields": {"name": "wy", "phone": "rywt", "comment": "tren", "created_at": "2025-06-01T20:02:28.804Z", "status": "new"}}, {"model": "applications.application", "pk": 41, "fields": {"name": "уо", "phone": "куер", "comment": "кеун", "created_at": "2025-06-01T22:20:10.729Z", "status": "new"}}, {"model": "applications.application", "pk": 42, "fields": {"name": "кеун", "phone": "кен", "comment": "кенкен", "created_at": "2025-06-02T08:57:57.007Z", "status": "new"}}, {"model": "applications.application", "pk": 44, "fields": {"name": "алнл", "phone": "гнлпл", "comment": "гнплпл", "created_at": "2025-06-02T08:59:25.604Z", "status": "new"}}, {"model": "applications.application", "pk": 45, "fields": {"name": "щжшг", "phone": "шщгж", "comment": "шщжгж", "created_at": "2025-06-02T09:00:44.957Z", "status": "new"}}, {"model": "applications.application", "pk": 48, "fields": {"name": "унерк", "phone": "кеункен", "comment": "кеункен", "created_at": "2025-06-02T09:50:00.495Z", "status": "new"}}, {"model": "applications.application", "pk": 49, "fields": {"name": "укеен", "phone": "цпукр", "comment": "Запрос на оценку", "created_at": "2025-06-02T22:26:05.667Z", "status": "new"}}, {"model": "applications.application", "pk": 50, "fields": {"name": "оен", "phone": "5647", "comment": "Запрос на оценку", "created_at": "2025-06-02T22:26:22.988Z", "status": "new"}}, {"model": "applications.application", "pk": 51, "fields": {"name": "43е", "phone": "435", "comment": "Запрос на оценку", "created_at": "2025-06-02T22:34:23.904Z", "status": "new"}}, {"model": "applications.application", "pk": 52, "fields": {"name": "кк4", "phone": "3456", "comment": "Запрос на оценку", "created_at": "2025-06-02T22:40:18.785Z", "status": "new"}}, {"model": "applications.application", "pk": 53, "fields": {"name": "43h", "phone": "456", "comment": "Запрос на оценку", "created_at": "2025-06-03T15:08:51.900Z", "status": "new"}}, {"model": "applications.application", "pk": 54, "fields": {"name": "y90", "phone": "907", "comment": "Запрос на оценку", "created_at": "2025-06-03T15:13:50.596Z", "status": "new"}}, {"model": "applications.application", "pk": 55, "fields": {"name": "4567", "phone": "56756i", "comment": "Запрос на аванс", "created_at": "2025-06-03T15:29:13.985Z", "status": "new"}}, {"model": "applications.application", "pk": 56, "fields": {"name": "567", "phone": "5675467", "comment": "Запрос на оценку", "created_at": "2025-06-03T15:29:33.872Z", "status": "new"}}, {"model": "applications.application", "pk": 57, "fields": {"name": "ert", "phone": "ertw", "comment": "Запрос на аванс", "created_at": "2025-06-03T15:56:15.590Z", "status": "new"}}, {"model": "applications.application", "pk": 58, "fields": {"name": "Jacob", "phone": "9287007015", "comment": "Запрос на аванс", "created_at": "2025-06-03T15:58:27.022Z", "status": "new"}}, {"model": "monitoring.dailystats", "pk": 1, "fields": {"date": "2025-05-30", "visits": 381, "new_visits": 1, "new_registers": 0, "new_applications": 0}}, {"model": "monitoring.dailystats", "pk": 2, "fields": {"date": "2025-05-31", "visits": 402, "new_visits": 1, "new_registers": 0, "new_applications": 5}}, {"model": "monitoring.dailystats", "pk": 3, "fields": {"date": "2025-06-01", "visits": 1116, "new_visits": 1, "new_registers": 2, "new_applications": 18}}, {"model": "monitoring.dailystats", "pk": 4, "fields": {"date": "2025-06-02", "visits": 430, "new_visits": 1, "new_registers": 0, "new_applications": 8}}, {"model": "monitoring.dailystats", "pk": 5, "fields": {"date": "2025-06-03", "visits": 396, "new_visits": 1, "new_registers": 0, "new_applications": 10}}, {"model": "monitoring.dailyiplog", "pk": 1, "fields": {"ip_address": "127.0.0.1", "date": "2025-05-30"}}, {"model": "monitoring.dailyiplog", "pk": 2, "fields": {"ip_address": "127.0.0.1", "date": "2025-05-31"}}, {"model": "monitoring.dailyiplog", "pk": 3, "fields": {"ip_address": "127.0.0.1", "date": "2025-06-01"}}, {"model": "monitoring.dailyiplog", "pk": 4, "fields": {"ip_address": "127.0.0.1", "date": "2025-06-02"}}, {"model": "monitoring.dailyiplog", "pk": 5, "fields": {"ip_address": "127.0.0.1", "date": "2025-06-03"}}, {"model": "testimonials.testimonial", "pk": 1, "fields": {"name": "45", "text": "456456456", "is_active": true, "created_at": "2025-06-01T22:21:47.104Z"}}, {"model": "testimonials.testimonial", "pk": 2, "fields": {"name": "Андрей", "text": "Все прошло хорошо, сделали свое дело на все 100", "is_active": true, "created_at": "2025-06-02T03:19:34.120Z"}}, {"model": "testimonials.testimonial", "pk": 3, "fields": {"name": "Алекс", "text": "Норм", "is_active": true, "created_at": "2025-06-02T03:19:43.548Z"}}, {"model": "testimonials.testimonial", "pk": 4, "fields": {"name": "Кто-то", "text": "Что-то", "is_active": true, "created_at": "2025-06-02T03:19:51.514Z"}}, {"model": "testimonials.testimonial", "pk": 5, "fields": {"name": "Алексей 57 лет", "text": "Надо было бла дыул л лддь лк дук дтыо тыво пткыльыдфлсыу ыслуос  цмуы лтыфлдмдлыттум лЫдввлыплал кулпл ткул а мафо  автпклу дкжлео пкшуф льа иаьвыл ку длжфвфыжл  кфуоп валт куфше о43 зщавт мсь ук п", "is_active": true, "created_at": "2025-06-02T03:20:50.484Z"}}, {"model": "testimonials.testimonial", "pk": 8, "fields": {"name": "e greg erg erg  dfg dfgs esrg  ntr d er  erw fd f fd erg dfg wer", "text": "re erg fd g rew regerwgewr rew fds rgwew4 fd dfbdsg e4535 fgrew  fdsgdfsg rewg er erwtewrt wer", "is_active": true, "created_at": "2025-06-02T03:27:17.466Z"}}, {"model": "testimonials.testimonial", "pk": 9, "fields": {"name": "rehtttr tr hrte hrte hert hre hjy4444444 e44444444", "text": "jy4444444 e444444444 r44444444444 444444rgfff ffffffffffffffffffgbdf jy4444444 e444444444 r44444444444 444444rgfff ffffffffffffffffffg jy4444444 e444444444 r44444444444 444444rgfff ffffffffffffffffffg jy4444444 e444444444 r44444444444 444444rgfff ffffffffffffffffffgjy4444444 e444444444 r44444444444 444444rgfff ffffffffffffffffffgjy4444444 e444444444 r44444444444 444444rgfff ffffffffffffffffffgb", "is_active": false, "created_at": "2025-06-02T03:39:07.801Z"}}]